                  epoch,         train/box_loss,         train/cls_loss,         train/dfl_loss,   metrics/precision(B),      metrics/recall(B),       metrics/mAP50(B),    metrics/mAP50-95(B),           val/box_loss,           val/cls_loss,           val/dfl_loss,                 lr/pg0,                 lr/pg1,                 lr/pg2
                      1,                0.64042,                 1.2691,                0.98289,                0.97896,                0.98275,                0.99259,                0.91309,                0.42392,                 0.3954,                0.80958,               0.003329,               0.003329,               0.003329
                      2,                0.58134,                0.63326,                0.92572,                0.98144,                0.98889,                0.99325,                 0.9113,                0.43809,                0.34299,                0.80775,              0.0065963,              0.0065963,              0.0065963
                      3,                0.63589,                0.67171,                0.94486,                0.94739,                0.96315,                0.98164,                0.89058,                0.46876,                0.44796,                0.82013,              0.0097977,              0.0097977,              0.0097977
                      4,                0.66567,                0.71585,                0.96137,                0.96229,                0.96278,                0.98568,                 0.8917,                0.45779,                0.41688,                0.82202,               0.009703,               0.009703,               0.009703
                      5,                0.63769,                0.64712,                0.94661,                0.98598,                0.98078,                0.99256,                0.91214,                0.44451,                0.34189,                0.81318,               0.009703,               0.009703,               0.009703
